
-- USERS
INSERT INTO USER (ID, USERNAME, PASSWORD, FIRSTNAME, LASTNAME, EMAIL, ENABLED, LASTPASSWORDRESETDATE) VALUES (1, 'admin', '$2a$08$lDnHPz7eUkSi6ao14Twuau08mzhWrL4kyZGGU5xfiGALO/Vxd5DOi', 'admin', 'admin', 'admin@admin.com', 1, PARSEDATETIME('01-01-2016', 'dd-MM-yyyy'));
INSERT INTO USER (ID, USERNAME, PASSWORD, FIRSTNAME, LASTNAME, EMAIL, USER_TYPE, ENABLED, LASTPASSWORDRESETDATE) VALUES (2, 'wisnia@rentier.pl', '$2a$10$dNIq6GhfTDLT8lhHadPgs.ftHCjz4EJuxa2hjOqO0/KQFuxQ4L29u', 'Adrian', 'Wiśniewski', 'wisnia@rentier.pl',  0, 1, PARSEDATETIME('01-01-2018','dd-MM-yyyy'));
INSERT INTO USER (ID, USERNAME, PASSWORD, FIRSTNAME, LASTNAME, EMAIL, USER_TYPE, ENABLED, LASTPASSWORDRESETDATE) VALUES (3, 'marcin@rentier.pl', '$2a$10$dNIq6GhfTDLT8lhHadPgs.ftHCjz4EJuxa2hjOqO0/KQFuxQ4L29u', 'Marcin', 'Wieczorek', 'marcin@rentier.pl',  0, 1, PARSEDATETIME('01-01-2018','dd-MM-yyyy'));
INSERT INTO USER (ID, USERNAME, PASSWORD, FIRSTNAME, LASTNAME, EMAIL, USER_TYPE, ENABLED, LASTPASSWORDRESETDATE) VALUES (4, 'wisnia@tenat.pl', '$2a$10$dNIq6GhfTDLT8lhHadPgs.ftHCjz4EJuxa2hjOqO0/KQFuxQ4L29u', 'Adrian', 'Wiśniewski', 'wisnia@tenat.pl',  1, 1, PARSEDATETIME('01-01-2018','dd-MM-yyyy'));
INSERT INTO USER (ID, USERNAME, PASSWORD, FIRSTNAME, LASTNAME, EMAIL, USER_TYPE, ENABLED, LASTPASSWORDRESETDATE) VALUES (5, 'marcin@tenat.pl', '$2a$10$dNIq6GhfTDLT8lhHadPgs.ftHCjz4EJuxa2hjOqO0/KQFuxQ4L29u', 'Marcin', 'Wieczorek', 'marcin@tenat.pl',  1, 1, PARSEDATETIME('01-01-2018','dd-MM-yyyy'));
INSERT INTO USER (ID, USERNAME, PASSWORD, FIRSTNAME, LASTNAME, EMAIL, USER_TYPE, ENABLED, LASTPASSWORDRESETDATE) VALUES (6, 'disabled', '$2a$10$sQbcsAN2Dp0SnAsa5uSC1ePytlV89srH7TbgBZly1kXwXICG9NBIu', 'user', 'user', 'disabled@user.com', 1,0, PARSEDATETIME('01-01-2018','dd-MM-yyyy'));


-- RENTIERS
INSERT INTO RENTIER (ID, FIRSTNAME, LASTNAME, EMAIL, PESEL, PHONE_NUMBER) VALUES (1, 'Adrian', 'Wiśniewski', 'wisnia@rentier.pl', '9999999', '510111111');
INSERT INTO RENTIER (ID, FIRSTNAME, LASTNAME, EMAIL, PESEL, PHONE_NUMBER) VALUES (2, 'Marcin', 'Wieczorek', 'marcin@rentier.pl', '888888', '501222222');

-- TENTATS
INSERT INTO TENAT (ID, FIRSTNAME, LASTNAME, EMAIL, PESEL, PHONE_NUMBER) VALUES (1, 'Adrian', 'Wiśniewski', 'wisnia@tenat.pl', '77777', '510111111');
INSERT INTO TENAT (ID, FIRSTNAME, LASTNAME, EMAIL, PESEL, PHONE_NUMBER) VALUES (2, 'Marcin', 'Wieczorek', 'marcin@tenat.pl', '1222211', '501222222');

-- USER_RENTIER/TENAT
INSERT INTO USER_RENTIER (USER_ID, RENTIER_ID) VALUES (2, 1);
INSERT INTO USER_RENTIER (USER_ID, RENTIER_ID) VALUES (3, 2);
INSERT INTO USER_TENAT (USER_ID, TENAT_ID) VALUES (4, 1);
INSERT INTO USER_TENAT (USER_ID, TENAT_ID) VALUES (5, 2);

-- RENTIER_TENAT
INSERT INTO RENTIER_TENAT (RENTIER_ID, TENAT_ID) VALUES (1, 2);
INSERT INTO RENTIER_TENAT (RENTIER_ID, TENAT_ID) VALUES (2, 1);

-- AUTHORITIES
INSERT INTO AUTHORITY (ID, NAME) VALUES (1, 'ROLE_USER');
INSERT INTO AUTHORITY (ID, NAME) VALUES (2, 'ROLE_ADMIN');

INSERT INTO USER_AUTHORITY (USER_ID, AUTHORITY_ID) VALUES (1, 2);
INSERT INTO USER_AUTHORITY (USER_ID, AUTHORITY_ID) VALUES (2, 1);
INSERT INTO USER_AUTHORITY (USER_ID, AUTHORITY_ID) VALUES (3, 1);
INSERT INTO USER_AUTHORITY (USER_ID, AUTHORITY_ID) VALUES (4, 1);
INSERT INTO USER_AUTHORITY (USER_ID, AUTHORITY_ID) VALUES (5, 1);
INSERT INTO USER_AUTHORITY (USER_ID, AUTHORITY_ID) VALUES (6, 1);

-- PROPERTIES
INSERT INTO PROPERTY(AVAILABLE_FROM,BAIL,BUILDING_MATERIAL,BUILDING_TYPE,CITY,DESCRIPTION,PROPERTY_STATUS,FLOOR,FLOORS_NUMBER,HEATING,POST_CODE,PRICE,ROOMS_NUMBER,STREET,SURFACE,TITLE,WINDOWS)
VALUES(GETDATE(),'900zł','cegła','szeregowiec','Poznań','opis','FOR_RENT','n/d','2','ogrzewanie jakieś tam','61-118','2100zł','4','ul. Kwiatowa 2','115m2','test tytuł','9');
INSERT INTO PROPERTY(AVAILABLE_FROM,BAIL,BUILDING_MATERIAL,BUILDING_TYPE,CITY,DESCRIPTION,PROPERTY_STATUS,FLOOR,FLOORS_NUMBER,HEATING,POST_CODE,PRICE,ROOMS_NUMBER,STREET,SURFACE,TITLE,WINDOWS)
VALUES(GETDATE(),'1100zł','cegła','mieszkanie','Poznań','opis','ACTIVE','n/d','1','ogrzewanie jakieś tam2 ','61-118','3200zł','2','ul. Testowa 8','75m2','test tytuł 2','5');
INSERT INTO PROPERTY(AVAILABLE_FROM,BAIL,BUILDING_MATERIAL,BUILDING_TYPE,CITY,DESCRIPTION,PROPERTY_STATUS,FLOOR,FLOORS_NUMBER,HEATING,POST_CODE,PRICE,ROOMS_NUMBER,STREET,SURFACE,TITLE,WINDOWS)
VALUES(GETDATE(),'500zł','cegła','mieszkanie','Poznań','opis','RENTED','n/d','1','ogrzewanie jakieś tam','61-118','1,550zł','1','ul. Łąkowa 1','49m2','test tytuł ','4');
INSERT INTO PROPERTY(AVAILABLE_FROM,BAIL,BUILDING_MATERIAL,BUILDING_TYPE,CITY,DESCRIPTION,PROPERTY_STATUS,FLOOR,FLOORS_NUMBER,HEATING,POST_CODE,PRICE,ROOMS_NUMBER,STREET,SURFACE,TITLE,WINDOWS)
VALUES(GETDATE(),'2500zł','cegła','dom','Poznań','opis','INACTIVE','n/d','3','ogrzewanie jakieś tam','61-118','3500zł','5','ul. Osiedlowa 15','164m2','test tytuł','13');
INSERT INTO PROPERTY(AVAILABLE_FROM,BAIL,BUILDING_MATERIAL,BUILDING_TYPE,CITY,DESCRIPTION,PROPERTY_STATUS,FLOOR,FLOORS_NUMBER,HEATING,POST_CODE,PRICE,ROOMS_NUMBER,STREET,SURFACE,TITLE,WINDOWS)
VALUES(GETDATE(),'900zł','cegła','szeregowiec','Poznań','opis','FOR_RENT','n/d','2','ogrzewanie jakieś tam','61-118','2100zł','4','ul. Kwiatowa 2','115m2','test tytuł','9');
INSERT INTO PROPERTY(AVAILABLE_FROM,BAIL,BUILDING_MATERIAL,BUILDING_TYPE,CITY,DESCRIPTION,PROPERTY_STATUS,FLOOR,FLOORS_NUMBER,HEATING,POST_CODE,PRICE,ROOMS_NUMBER,STREET,SURFACE,TITLE,WINDOWS)
VALUES(GETDATE(),'1100zł','cegła','mieszkanie','Poznań','opis','ACTIVE','n/d','1','ogrzewanie jakieś tam2 ','61-118','3200zł','2','ul. Testowa 8','75m2','test tytuł 2','5');
INSERT INTO PROPERTY(AVAILABLE_FROM,BAIL,BUILDING_MATERIAL,BUILDING_TYPE,CITY,DESCRIPTION,PROPERTY_STATUS,FLOOR,FLOORS_NUMBER,HEATING,POST_CODE,PRICE,ROOMS_NUMBER,STREET,SURFACE,TITLE,WINDOWS)
VALUES(GETDATE(),'500zł','cegła','mieszkanie','Poznań','opis','RENTED','n/d','1','ogrzewanie jakieś tam','61-118','1,550zł','1','ul. Łąkowa 1','49m2','test tytuł ','4');
INSERT INTO PROPERTY(AVAILABLE_FROM,BAIL,BUILDING_MATERIAL,BUILDING_TYPE,CITY,DESCRIPTION,PROPERTY_STATUS,FLOOR,FLOORS_NUMBER,HEATING,POST_CODE,PRICE,ROOMS_NUMBER,STREET,SURFACE,TITLE,WINDOWS)
VALUES(GETDATE(),'2500zł','cegła','dom','Poznań','opis','INACTIVE','n/d','3','ogrzewanie jakieś tam','61-118','3500zł','5','ul. Osiedlowa 15','164m2','test tytuł','13');

-- PROPERTY ADDITIONAL INFORMATIONS
INSERT INTO PROPERTY_ADDITIONAL_INFORMATION(PROPERTY_ID, ADDITIONAL_INFORMATION) VALUES(1, 'balkon');
INSERT INTO PROPERTY_ADDITIONAL_INFORMATION(PROPERTY_ID, ADDITIONAL_INFORMATION) VALUES(1, 'pom. użytkowe');
INSERT INTO PROPERTY_ADDITIONAL_INFORMATION(PROPERTY_ID, ADDITIONAL_INFORMATION) VALUES(1, 'garaż/miejsce parkingowe');
INSERT INTO PROPERTY_ADDITIONAL_INFORMATION(PROPERTY_ID, ADDITIONAL_INFORMATION) VALUES(1, 'piwnica');
INSERT INTO PROPERTY_ADDITIONAL_INFORMATION(PROPERTY_ID, ADDITIONAL_INFORMATION) VALUES(1, 'taras');
INSERT INTO PROPERTY_ADDITIONAL_INFORMATION(PROPERTY_ID, ADDITIONAL_INFORMATION) VALUES(1, 'winda');
INSERT INTO PROPERTY_ADDITIONAL_INFORMATION(PROPERTY_ID, ADDITIONAL_INFORMATION) VALUES(1, 'dwupoziomowe');
INSERT INTO PROPERTY_ADDITIONAL_INFORMATION(PROPERTY_ID, ADDITIONAL_INFORMATION) VALUES(1, 'oddzielna kuchnia');
INSERT INTO PROPERTY_ADDITIONAL_INFORMATION(PROPERTY_ID, ADDITIONAL_INFORMATION) VALUES(1, 'klimatyzacja');
INSERT INTO PROPERTY_ADDITIONAL_INFORMATION(PROPERTY_ID, ADDITIONAL_INFORMATION) VALUES(1, 'tylko dla niepalących');
INSERT INTO PROPERTY_ADDITIONAL_INFORMATION(PROPERTY_ID, ADDITIONAL_INFORMATION) VALUES(2, 'balkon');
INSERT INTO PROPERTY_ADDITIONAL_INFORMATION(PROPERTY_ID, ADDITIONAL_INFORMATION) VALUES(2, 'pom. użytkowe');
INSERT INTO PROPERTY_ADDITIONAL_INFORMATION(PROPERTY_ID, ADDITIONAL_INFORMATION) VALUES(2, 'dwupoziomowe');
INSERT INTO PROPERTY_ADDITIONAL_INFORMATION(PROPERTY_ID, ADDITIONAL_INFORMATION) VALUES(2, 'oddzielna kuchnia');
INSERT INTO PROPERTY_ADDITIONAL_INFORMATION(PROPERTY_ID, ADDITIONAL_INFORMATION) VALUES(2, 'klimatyzacja');
INSERT INTO PROPERTY_ADDITIONAL_INFORMATION(PROPERTY_ID, ADDITIONAL_INFORMATION) VALUES(2, 'tylko dla niepalących');
INSERT INTO PROPERTY_ADDITIONAL_INFORMATION(PROPERTY_ID, ADDITIONAL_INFORMATION) VALUES(3, 'balkon');
INSERT INTO PROPERTY_ADDITIONAL_INFORMATION(PROPERTY_ID, ADDITIONAL_INFORMATION) VALUES(3, 'tylko dla niepalących');
INSERT INTO PROPERTY_ADDITIONAL_INFORMATION(PROPERTY_ID, ADDITIONAL_INFORMATION) VALUES(4, 'winda');
INSERT INTO PROPERTY_ADDITIONAL_INFORMATION(PROPERTY_ID, ADDITIONAL_INFORMATION) VALUES(4, 'dwupoziomowe');
INSERT INTO PROPERTY_ADDITIONAL_INFORMATION(PROPERTY_ID, ADDITIONAL_INFORMATION) VALUES(4, 'oddzielna kuchnia');
INSERT INTO PROPERTY_ADDITIONAL_INFORMATION(PROPERTY_ID, ADDITIONAL_INFORMATION) VALUES(4, 'klimatyzacja');
INSERT INTO PROPERTY_ADDITIONAL_INFORMATION(PROPERTY_ID, ADDITIONAL_INFORMATION) VALUES(4, 'tylko dla niepalących');
INSERT INTO PROPERTY_ADDITIONAL_INFORMATION(PROPERTY_ID, ADDITIONAL_INFORMATION) VALUES(5, 'balkon');
INSERT INTO PROPERTY_ADDITIONAL_INFORMATION(PROPERTY_ID, ADDITIONAL_INFORMATION) VALUES(5, 'pom. użytkowe');
INSERT INTO PROPERTY_ADDITIONAL_INFORMATION(PROPERTY_ID, ADDITIONAL_INFORMATION) VALUES(5, 'tylko dla niepalących');
INSERT INTO PROPERTY_ADDITIONAL_INFORMATION(PROPERTY_ID, ADDITIONAL_INFORMATION) VALUES(6, 'balkon');
INSERT INTO PROPERTY_ADDITIONAL_INFORMATION(PROPERTY_ID, ADDITIONAL_INFORMATION) VALUES(6, 'pom. użytkowe');
INSERT INTO PROPERTY_ADDITIONAL_INFORMATION(PROPERTY_ID, ADDITIONAL_INFORMATION) VALUES(6, 'garaż/miejsce parkingowe');
INSERT INTO PROPERTY_ADDITIONAL_INFORMATION(PROPERTY_ID, ADDITIONAL_INFORMATION) VALUES(6, 'piwnica');
INSERT INTO PROPERTY_ADDITIONAL_INFORMATION(PROPERTY_ID, ADDITIONAL_INFORMATION) VALUES(6, 'taras');
INSERT INTO PROPERTY_ADDITIONAL_INFORMATION(PROPERTY_ID, ADDITIONAL_INFORMATION) VALUES(6, 'winda');
INSERT INTO PROPERTY_ADDITIONAL_INFORMATION(PROPERTY_ID, ADDITIONAL_INFORMATION) VALUES(6, 'dwupoziomowe');
INSERT INTO PROPERTY_ADDITIONAL_INFORMATION(PROPERTY_ID, ADDITIONAL_INFORMATION) VALUES(6, 'oddzielna kuchnia');
INSERT INTO PROPERTY_ADDITIONAL_INFORMATION(PROPERTY_ID, ADDITIONAL_INFORMATION) VALUES(6, 'klimatyzacja');
INSERT INTO PROPERTY_ADDITIONAL_INFORMATION(PROPERTY_ID, ADDITIONAL_INFORMATION) VALUES(6, 'tylko dla niepalących');

-- PROPERTY IMAGES URLS
INSERT INTO PROPERTY_IMAGES_URLS(PROPERTY_ID, IMAGES_URLS) VALUES(1, 'https://picsum.photos/500/300/?random');
INSERT INTO PROPERTY_IMAGES_URLS(PROPERTY_ID, IMAGES_URLS) VALUES(1, 'https://picsum.photos/500/300/?random');
INSERT INTO PROPERTY_IMAGES_URLS(PROPERTY_ID, IMAGES_URLS) VALUES(1, 'https://picsum.photos/500/300/?random');
INSERT INTO PROPERTY_IMAGES_URLS(PROPERTY_ID, IMAGES_URLS) VALUES(1, 'https://picsum.photos/500/300/?random');
INSERT INTO PROPERTY_IMAGES_URLS(PROPERTY_ID, IMAGES_URLS) VALUES(2, 'https://picsum.photos/500/300/?random');
INSERT INTO PROPERTY_IMAGES_URLS(PROPERTY_ID, IMAGES_URLS) VALUES(2, 'https://picsum.photos/500/300/?random');
INSERT INTO PROPERTY_IMAGES_URLS(PROPERTY_ID, IMAGES_URLS) VALUES(2, 'https://picsum.photos/500/300/?random');
INSERT INTO PROPERTY_IMAGES_URLS(PROPERTY_ID, IMAGES_URLS) VALUES(2, 'https://picsum.photos/500/300/?random');
INSERT INTO PROPERTY_IMAGES_URLS(PROPERTY_ID, IMAGES_URLS) VALUES(3, 'https://picsum.photos/500/300/?random');
INSERT INTO PROPERTY_IMAGES_URLS(PROPERTY_ID, IMAGES_URLS) VALUES(3, 'https://picsum.photos/500/300/?random');
INSERT INTO PROPERTY_IMAGES_URLS(PROPERTY_ID, IMAGES_URLS) VALUES(3, 'https://picsum.photos/500/300/?random');
INSERT INTO PROPERTY_IMAGES_URLS(PROPERTY_ID, IMAGES_URLS) VALUES(3, 'https://picsum.photos/500/300/?random');
INSERT INTO PROPERTY_IMAGES_URLS(PROPERTY_ID, IMAGES_URLS) VALUES(4, 'https://picsum.photos/500/300/?random');
INSERT INTO PROPERTY_IMAGES_URLS(PROPERTY_ID, IMAGES_URLS) VALUES(4, 'https://picsum.photos/500/300/?random');
INSERT INTO PROPERTY_IMAGES_URLS(PROPERTY_ID, IMAGES_URLS) VALUES(4, 'https://picsum.photos/500/300/?random');
INSERT INTO PROPERTY_IMAGES_URLS(PROPERTY_ID, IMAGES_URLS) VALUES(4, 'https://picsum.photos/500/300/?random');
INSERT INTO PROPERTY_IMAGES_URLS(PROPERTY_ID, IMAGES_URLS) VALUES(5, 'https://picsum.photos/500/300/?random');
INSERT INTO PROPERTY_IMAGES_URLS(PROPERTY_ID, IMAGES_URLS) VALUES(5, 'https://picsum.photos/500/300/?random');
INSERT INTO PROPERTY_IMAGES_URLS(PROPERTY_ID, IMAGES_URLS) VALUES(5, 'https://picsum.photos/500/300/?random');
INSERT INTO PROPERTY_IMAGES_URLS(PROPERTY_ID, IMAGES_URLS) VALUES(5, 'https://picsum.photos/500/300/?random');
INSERT INTO PROPERTY_IMAGES_URLS(PROPERTY_ID, IMAGES_URLS) VALUES(6, 'https://picsum.photos/500/300/?random');
INSERT INTO PROPERTY_IMAGES_URLS(PROPERTY_ID, IMAGES_URLS) VALUES(6, 'https://picsum.photos/500/300/?random');
INSERT INTO PROPERTY_IMAGES_URLS(PROPERTY_ID, IMAGES_URLS) VALUES(6, 'https://picsum.photos/500/300/?random');
INSERT INTO PROPERTY_IMAGES_URLS(PROPERTY_ID, IMAGES_URLS) VALUES(6, 'https://picsum.photos/500/300/?random');

-- BILLS - COLD_WATER
INSERT INTO COLD_WATER(ID, VALUE, RATE, UNIT) VALUES (1, '123321', '12', 'zł');
INSERT INTO COLD_WATER(ID, VALUE, RATE, UNIT) VALUES (2, '321321', '2', 'zł');
INSERT INTO COLD_WATER(ID, VALUE, RATE, UNIT) VALUES (3, '123245', '6', 'zł');
INSERT INTO COLD_WATER(ID, VALUE, RATE, UNIT) VALUES (4, '345', '2', 'zł');
INSERT INTO COLD_WATER(ID, VALUE, RATE, UNIT) VALUES (5, '76645', '16', 'zł');
INSERT INTO COLD_WATER(ID, VALUE, RATE, UNIT) VALUES (6, '534536', '3', 'zł');

-- BILLS - COMMON_PART
INSERT INTO COMMON_PART(ID, VALUE, RATE, UNIT) VALUES (1, '123321', '12', 'zł');
INSERT INTO COMMON_PART(ID, VALUE, RATE, UNIT) VALUES (2, '321321', '2', 'zł');
INSERT INTO COMMON_PART(ID, VALUE, RATE, UNIT) VALUES (3, '123245', '6', 'zł');
INSERT INTO COMMON_PART(ID, VALUE, RATE, UNIT) VALUES (4, '345', '2', 'zł');
INSERT INTO COMMON_PART(ID, VALUE, RATE, UNIT) VALUES (5, '76645', '16', 'zł');
INSERT INTO COMMON_PART(ID, VALUE, RATE, UNIT) VALUES (6, '534536', '3', 'zł');

-- BILLS - ELECTRICITY
INSERT INTO ELECTRICITY(ID, VALUE, RATE, UNIT) VALUES (1, '123321', '12', 'zł');
INSERT INTO ELECTRICITY(ID, VALUE, RATE, UNIT) VALUES (2, '321321', '2', 'zł');
INSERT INTO ELECTRICITY(ID, VALUE, RATE, UNIT) VALUES (3, '123245', '6', 'zł');
INSERT INTO ELECTRICITY(ID, VALUE, RATE, UNIT) VALUES (4, '345', '2', 'zł');
INSERT INTO ELECTRICITY(ID, VALUE, RATE, UNIT) VALUES (5, '76645', '16', 'zł');
INSERT INTO ELECTRICITY(ID, VALUE, RATE, UNIT) VALUES (6, '534536', '3', 'zł');

-- BILLS - HEATING
INSERT INTO HEATING(ID, VALUE, RATE, UNIT) VALUES (1, '123321', '12', 'zł');
INSERT INTO HEATING(ID, VALUE, RATE, UNIT) VALUES (2, '321321', '2', 'zł');
INSERT INTO HEATING(ID, VALUE, RATE, UNIT) VALUES (3, '123245', '6', 'zł');
INSERT INTO HEATING(ID, VALUE, RATE, UNIT) VALUES (4, '345', '2', 'zł');
INSERT INTO HEATING(ID, VALUE, RATE, UNIT) VALUES (5, '76645', '16', 'zł');
INSERT INTO HEATING(ID, VALUE, RATE, UNIT) VALUES (6, '534536', '3', 'zł');

-- BILLS - HOT_WATER
INSERT INTO HOT_WATER(ID, VALUE, RATE, UNIT) VALUES (1, '123321', '12', 'zł');
INSERT INTO HOT_WATER(ID, VALUE, RATE, UNIT) VALUES (2, '321321', '2', 'zł');
INSERT INTO HOT_WATER(ID, VALUE, RATE, UNIT) VALUES (3, '123245', '6', 'zł');
INSERT INTO HOT_WATER(ID, VALUE, RATE, UNIT) VALUES (4, '345', '2', 'zł');
INSERT INTO HOT_WATER(ID, VALUE, RATE, UNIT) VALUES (5, '76645', '16', 'zł');
INSERT INTO HOT_WATER(ID, VALUE, RATE, UNIT) VALUES (6, '534536', '3', 'zł');

-- BILLS - REPAIR_FUND
INSERT INTO REPAIR_FUND(ID, VALUE, RATE, UNIT) VALUES (1, '123321', '12', 'zł');
INSERT INTO REPAIR_FUND(ID, VALUE, RATE, UNIT) VALUES (2, '321321', '2', 'zł');
INSERT INTO REPAIR_FUND(ID, VALUE, RATE, UNIT) VALUES (3, '123245', '6', 'zł');
INSERT INTO REPAIR_FUND(ID, VALUE, RATE, UNIT) VALUES (4, '345', '2', 'zł');
INSERT INTO REPAIR_FUND(ID, VALUE, RATE, UNIT) VALUES (5, '76645', '16', 'zł');
INSERT INTO REPAIR_FUND(ID, VALUE, RATE, UNIT) VALUES (6, '534536', '3', 'zł');

-- BILLS - TRASH
INSERT INTO TRASH(ID, VALUE, RATE, UNIT) VALUES (1, '123321', '12', 'zł');
INSERT INTO TRASH(ID, VALUE, RATE, UNIT) VALUES (2, '321321', '2', 'zł');
INSERT INTO TRASH(ID, VALUE, RATE, UNIT) VALUES (3, '123245', '6', 'zł');
INSERT INTO TRASH(ID, VALUE, RATE, UNIT) VALUES (4, '345', '2', 'zł');
INSERT INTO TRASH(ID, VALUE, RATE, UNIT) VALUES (5, '76645', '16', 'zł');
INSERT INTO TRASH(ID, VALUE, RATE, UNIT) VALUES (6, '534536', '3', 'zł');

-- BILLS
INSERT INTO BILL (ID, COLD_WATER_ID, COMMON_PART_ID, ELECTRICITY_ID, HEATING_ID, HOT_WATER_ID, REPAIR_FUND_ID, TRASH_ID) VALUES(1, 1, 1, 1, 1, 1, 1, 1);
INSERT INTO BILL (ID, COLD_WATER_ID, COMMON_PART_ID, ELECTRICITY_ID, HEATING_ID, HOT_WATER_ID, REPAIR_FUND_ID, TRASH_ID) VALUES(2, 2, 2, 2, 2, 2, 2, 2);
INSERT INTO BILL (ID, COLD_WATER_ID, COMMON_PART_ID, ELECTRICITY_ID, HEATING_ID, HOT_WATER_ID, REPAIR_FUND_ID, TRASH_ID) VALUES(3, 3, 3, 3, 3, 3, 3, 3);
INSERT INTO BILL (ID, COLD_WATER_ID, COMMON_PART_ID, ELECTRICITY_ID, HEATING_ID, HOT_WATER_ID, REPAIR_FUND_ID, TRASH_ID) VALUES(4, 4, 4, 4, 4, 4, 4, 4);
INSERT INTO BILL (ID, COLD_WATER_ID, COMMON_PART_ID, ELECTRICITY_ID, HEATING_ID, HOT_WATER_ID, REPAIR_FUND_ID, TRASH_ID) VALUES(5, 5, 5, 5, 5, 5, 5, 5);
INSERT INTO BILL (ID, COLD_WATER_ID, COMMON_PART_ID, ELECTRICITY_ID, HEATING_ID, HOT_WATER_ID, REPAIR_FUND_ID, TRASH_ID) VALUES(6, 6, 6, 6, 6, 6, 6, 6);

-- BILL_TENAT
INSERT INTO BILL_TENAT (BILL_ID, TENAT_ID) VALUES (1, 1);
INSERT INTO BILL_TENAT (BILL_ID, TENAT_ID) VALUES (2, 1);
INSERT INTO BILL_TENAT (BILL_ID, TENAT_ID) VALUES (3, 1);
INSERT INTO BILL_TENAT (BILL_ID, TENAT_ID) VALUES (4, 2);
INSERT INTO BILL_TENAT (BILL_ID, TENAT_ID) VALUES (5, 2);
INSERT INTO BILL_TENAT (BILL_ID, TENAT_ID) VALUES (6, 2);

-- RENTIER_BILL
INSERT INTO RENTIER_BILL (RENTIER_ID, BILL_ID) VALUES (1, 1);
INSERT INTO RENTIER_BILL (RENTIER_ID, BILL_ID) VALUES (1, 2);
INSERT INTO RENTIER_BILL (RENTIER_ID, BILL_ID) VALUES (1, 3);
INSERT INTO RENTIER_BILL (RENTIER_ID, BILL_ID) VALUES (2, 4);
INSERT INTO RENTIER_BILL (RENTIER_ID, BILL_ID) VALUES (2, 5);
INSERT INTO RENTIER_BILL (RENTIER_ID, BILL_ID) VALUES (2, 6);

-- RENTIER_PROPERTY
INSERT INTO RENTIER_PROPERTY (RENTIER_ID, PROPERTY_ID) VALUES (1, 1);
INSERT INTO RENTIER_PROPERTY (RENTIER_ID, PROPERTY_ID) VALUES (1, 2);
INSERT INTO RENTIER_PROPERTY (RENTIER_ID, PROPERTY_ID) VALUES (1, 3);
INSERT INTO RENTIER_PROPERTY (RENTIER_ID, PROPERTY_ID) VALUES (1, 4);
INSERT INTO RENTIER_PROPERTY (RENTIER_ID, PROPERTY_ID) VALUES (2, 5);
INSERT INTO RENTIER_PROPERTY (RENTIER_ID, PROPERTY_ID) VALUES (2, 6);
INSERT INTO RENTIER_PROPERTY (RENTIER_ID, PROPERTY_ID) VALUES (2, 7);
INSERT INTO RENTIER_PROPERTY (RENTIER_ID, PROPERTY_ID) VALUES (2, 8);

-- TENAT_PROPERTY
INSERT INTO TENAT_PROPERTY (TENAT_ID, PROPERTY_ID) VALUES (1, 1);
INSERT INTO TENAT_PROPERTY (TENAT_ID, PROPERTY_ID) VALUES (2, 4);