INSERT INTO USER (ID, USERNAME, PASSWORD, FIRSTNAME, LASTNAME, EMAIL, ENABLED, LASTPASSWORDRESETDATE) VALUES (1, 'admin', '$2a$08$lDnHPz7eUkSi6ao14Twuau08mzhWrL4kyZGGU5xfiGALO/Vxd5DOi', 'admin', 'admin', 'admin@admin.com', 1, PARSEDATETIME('01-01-2016', 'dd-MM-yyyy'));
INSERT INTO USER (ID, USERNAME, PASSWORD, FIRSTNAME, LASTNAME, EMAIL, USER_TYPE, ENABLED, LASTPASSWORDRESETDATE) VALUES (2, 'wisnia@rentier.pl', '$2a$10$dNIq6GhfTDLT8lhHadPgs.ftHCjz4EJuxa2hjOqO0/KQFuxQ4L29u', 'Adrian', 'Wiśniewski', 'wisnia@rentier.pl',  0, 1, PARSEDATETIME('01-01-2018','dd-MM-yyyy'));
INSERT INTO USER (ID, USERNAME, PASSWORD, FIRSTNAME, LASTNAME, EMAIL, USER_TYPE, ENABLED, LASTPASSWORDRESETDATE) VALUES (3, 'wisnia@tenat.pl', '$2a$10$dNIq6GhfTDLT8lhHadPgs.ftHCjz4EJuxa2hjOqO0/KQFuxQ4L29u', 'Adrian', 'Wiśniewski', 'wisnia@tenat.pl',  1, 1, PARSEDATETIME('01-01-2018','dd-MM-yyyy'));
INSERT INTO USER (ID, USERNAME, PASSWORD, FIRSTNAME, LASTNAME, EMAIL, USER_TYPE, ENABLED, LASTPASSWORDRESETDATE) VALUES (4, 'disabled', '$2a$10$sQbcsAN2Dp0SnAsa5uSC1ePytlV89srH7TbgBZly1kXwXICG9NBIu', 'user', 'user', 'disabled@user.com', 1,0, PARSEDATETIME('01-01-2018','dd-MM-yyyy'));

INSERT INTO AUTHORITY (ID, NAME) VALUES (1, 'ROLE_USER');
INSERT INTO AUTHORITY (ID, NAME) VALUES (2, 'ROLE_ADMIN');

INSERT INTO USER_AUTHORITY (USER_ID, AUTHORITY_ID) VALUES (1, 1);
INSERT INTO USER_AUTHORITY (USER_ID, AUTHORITY_ID) VALUES (1, 2);
INSERT INTO USER_AUTHORITY (USER_ID, AUTHORITY_ID) VALUES (2, 1);
INSERT INTO USER_AUTHORITY (USER_ID, AUTHORITY_ID) VALUES (3, 1);
INSERT INTO USER_AUTHORITY (USER_ID, AUTHORITY_ID) VALUES (4, 1);
