
-- USERS
INSERT INTO USER (ID, USERNAME, PASSWORD, FIRSTNAME, LASTNAME, EMAIL, ENABLED, LASTPASSWORDRESETDATE) VALUES (1, 'admin', '$2a$08$lDnHPz7eUkSi6ao14Twuau08mzhWrL4kyZGGU5xfiGALO/Vxd5DOi', 'admin', 'admin', 'admin@admin.com', 1, PARSEDATETIME('01-01-2016', 'dd-MM-yyyy'));
INSERT INTO USER (ID, USERNAME, PASSWORD, FIRSTNAME, LASTNAME, EMAIL, USER_TYPE, ENABLED, LASTPASSWORDRESETDATE) VALUES (2, 'wisnia@rentier.pl', '$2a$10$dNIq6GhfTDLT8lhHadPgs.ftHCjz4EJuxa2hjOqO0/KQFuxQ4L29u', 'Adrian', 'Wiśniewski', 'wisnia@rentier.pl',  0, 1, PARSEDATETIME('01-01-2018','dd-MM-yyyy'));
INSERT INTO USER (ID, USERNAME, PASSWORD, FIRSTNAME, LASTNAME, EMAIL, USER_TYPE, ENABLED, LASTPASSWORDRESETDATE) VALUES (3, 'wisnia@tenat.pl', '$2a$10$dNIq6GhfTDLT8lhHadPgs.ftHCjz4EJuxa2hjOqO0/KQFuxQ4L29u', 'Adrian', 'Wiśniewski', 'wisnia@tenat.pl',  1, 1, PARSEDATETIME('01-01-2018','dd-MM-yyyy'));
INSERT INTO USER (ID, USERNAME, PASSWORD, FIRSTNAME, LASTNAME, EMAIL, USER_TYPE, ENABLED, LASTPASSWORDRESETDATE) VALUES (4, 'disabled', '$2a$10$sQbcsAN2Dp0SnAsa5uSC1ePytlV89srH7TbgBZly1kXwXICG9NBIu', 'user', 'user', 'disabled@user.com', 1,0, PARSEDATETIME('01-01-2018','dd-MM-yyyy'));

-- AUTHORITIES
INSERT INTO AUTHORITY (ID, NAME) VALUES (1, 'ROLE_USER');
INSERT INTO AUTHORITY (ID, NAME) VALUES (2, 'ROLE_ADMIN');

INSERT INTO USER_AUTHORITY (USER_ID, AUTHORITY_ID) VALUES (1, 1);
INSERT INTO USER_AUTHORITY (USER_ID, AUTHORITY_ID) VALUES (1, 2);
INSERT INTO USER_AUTHORITY (USER_ID, AUTHORITY_ID) VALUES (2, 1);
INSERT INTO USER_AUTHORITY (USER_ID, AUTHORITY_ID) VALUES (3, 1);
INSERT INTO USER_AUTHORITY (USER_ID, AUTHORITY_ID) VALUES (4, 1);

-- PROPERTIES
INSERT INTO PROPERTY(AVAILABLE_FROM,BAIL,BUILDING_MATERIAL,BUILDING_TYPE,CITY,DESCRIPTION,PROPERTY_STATUS,FLOOR,FLOORS_NUMBER,HEATING,POST_CODE,PRICE,ROOMS_NUMBER,STREET,SURFACE,TITLE,WINDOWS)
VALUES(GETDATE(),'900zł','cegła','szeregowiec','Poznań','opis','FOR_RENT','n/d','2','ogrzewanie jakieś tam','61-118','2100zł','4','ul. Kwiatowa 2','115m2','test tytuł','9');
INSERT INTO PROPERTY(AVAILABLE_FROM,BAIL,BUILDING_MATERIAL,BUILDING_TYPE,CITY,DESCRIPTION,PROPERTY_STATUS,FLOOR,FLOORS_NUMBER,HEATING,POST_CODE,PRICE,ROOMS_NUMBER,STREET,SURFACE,TITLE,WINDOWS)
VALUES(GETDATE(),'1100zł','cegła','mieszkanie','Poznań','opis','ACTIVE','n/d','1','ogrzewanie jakieś tam2 ','61-118','3200zł','2','ul. Testowa 8','75m2','test tytuł 2','5');
INSERT INTO PROPERTY(AVAILABLE_FROM,BAIL,BUILDING_MATERIAL,BUILDING_TYPE,CITY,DESCRIPTION,PROPERTY_STATUS,FLOOR,FLOORS_NUMBER,HEATING,POST_CODE,PRICE,ROOMS_NUMBER,STREET,SURFACE,TITLE,WINDOWS)
VALUES(GETDATE(),'500zł','cegła','mieszkanie','Poznań','opis','RENTED','n/d','1','ogrzewanie jakieś tam','61-118','1,550zł','1','ul. Łąkowa 1','49m2','test tytuł ','4');
INSERT INTO PROPERTY(AVAILABLE_FROM,BAIL,BUILDING_MATERIAL,BUILDING_TYPE,CITY,DESCRIPTION,PROPERTY_STATUS,FLOOR,FLOORS_NUMBER,HEATING,POST_CODE,PRICE,ROOMS_NUMBER,STREET,SURFACE,TITLE,WINDOWS)
VALUES(GETDATE(),'2500zł','cegła','dom','Poznań','opis','INACTIVE','n/d','3','ogrzewanie jakieś tam','61-118','3500zł','5','ul. Osiedlowa 15','164m2','test tytuł','13');
INSERT INTO PROPERTY(AVAILABLE_FROM,BAIL,BUILDING_MATERIAL,BUILDING_TYPE,CITY,DESCRIPTION,PROPERTY_STATUS,FLOOR,FLOORS_NUMBER,HEATING,POST_CODE,PRICE,ROOMS_NUMBER,STREET,SURFACE,TITLE,WINDOWS)
VALUES(GETDATE(),'900zł','cegła','szeregowiec','Poznań','opis','FOR_RENT','n/d','2','ogrzewanie jakieś tam','61-118','2100zł','4','ul. Kwiatowa 2','115m2','test tytuł','9');
INSERT INTO PROPERTY(AVAILABLE_FROM,BAIL,BUILDING_MATERIAL,BUILDING_TYPE,CITY,DESCRIPTION,PROPERTY_STATUS,FLOOR,FLOORS_NUMBER,HEATING,POST_CODE,PRICE,ROOMS_NUMBER,STREET,SURFACE,TITLE,WINDOWS)
VALUES(GETDATE(),'1100zł','cegła','mieszkanie','Poznań','opis','ACTIVE','n/d','1','ogrzewanie jakieś tam2 ','61-118','3200zł','2','ul. Testowa 8','75m2','test tytuł 2','5');
INSERT INTO PROPERTY(AVAILABLE_FROM,BAIL,BUILDING_MATERIAL,BUILDING_TYPE,CITY,DESCRIPTION,PROPERTY_STATUS,FLOOR,FLOORS_NUMBER,HEATING,POST_CODE,PRICE,ROOMS_NUMBER,STREET,SURFACE,TITLE,WINDOWS)
VALUES(GETDATE(),'500zł','cegła','mieszkanie','Poznań','opis','RENTED','n/d','1','ogrzewanie jakieś tam','61-118','1,550zł','1','ul. Łąkowa 1','49m2','test tytuł ','4');
INSERT INTO PROPERTY(AVAILABLE_FROM,BAIL,BUILDING_MATERIAL,BUILDING_TYPE,CITY,DESCRIPTION,PROPERTY_STATUS,FLOOR,FLOORS_NUMBER,HEATING,POST_CODE,PRICE,ROOMS_NUMBER,STREET,SURFACE,TITLE,WINDOWS)
VALUES(GETDATE(),'2500zł','cegła','dom','Poznań','opis','INACTIVE','n/d','3','ogrzewanie jakieś tam','61-118','3500zł','5','ul. Osiedlowa 15','164m2','test tytuł','13');

-- PROPERTY ADDITIONAL INFORMATIONS
INSERT INTO PROPERTY_ADDITIONAL_INFORMATION(PROPERTY_ID, ADDITIONAL_INFORMATION) VALUES(1, 'balkon');
INSERT INTO PROPERTY_ADDITIONAL_INFORMATION(PROPERTY_ID, ADDITIONAL_INFORMATION) VALUES(1, 'pom. użytkowe');
INSERT INTO PROPERTY_ADDITIONAL_INFORMATION(PROPERTY_ID, ADDITIONAL_INFORMATION) VALUES(1, 'garaż/miejsce parkingowe');
INSERT INTO PROPERTY_ADDITIONAL_INFORMATION(PROPERTY_ID, ADDITIONAL_INFORMATION) VALUES(1, 'piwnica');
INSERT INTO PROPERTY_ADDITIONAL_INFORMATION(PROPERTY_ID, ADDITIONAL_INFORMATION) VALUES(1, 'taras');
INSERT INTO PROPERTY_ADDITIONAL_INFORMATION(PROPERTY_ID, ADDITIONAL_INFORMATION) VALUES(1, 'winda');
INSERT INTO PROPERTY_ADDITIONAL_INFORMATION(PROPERTY_ID, ADDITIONAL_INFORMATION) VALUES(1, 'dwupoziomowe');
INSERT INTO PROPERTY_ADDITIONAL_INFORMATION(PROPERTY_ID, ADDITIONAL_INFORMATION) VALUES(1, 'oddzielna kuchnia');
INSERT INTO PROPERTY_ADDITIONAL_INFORMATION(PROPERTY_ID, ADDITIONAL_INFORMATION) VALUES(1, 'klimatyzacja');
INSERT INTO PROPERTY_ADDITIONAL_INFORMATION(PROPERTY_ID, ADDITIONAL_INFORMATION) VALUES(1, 'tylko dla niepalących');
INSERT INTO PROPERTY_ADDITIONAL_INFORMATION(PROPERTY_ID, ADDITIONAL_INFORMATION) VALUES(2, 'balkon');
INSERT INTO PROPERTY_ADDITIONAL_INFORMATION(PROPERTY_ID, ADDITIONAL_INFORMATION) VALUES(2, 'pom. użytkowe');
INSERT INTO PROPERTY_ADDITIONAL_INFORMATION(PROPERTY_ID, ADDITIONAL_INFORMATION) VALUES(2, 'dwupoziomowe');
INSERT INTO PROPERTY_ADDITIONAL_INFORMATION(PROPERTY_ID, ADDITIONAL_INFORMATION) VALUES(2, 'oddzielna kuchnia');
INSERT INTO PROPERTY_ADDITIONAL_INFORMATION(PROPERTY_ID, ADDITIONAL_INFORMATION) VALUES(2, 'klimatyzacja');
INSERT INTO PROPERTY_ADDITIONAL_INFORMATION(PROPERTY_ID, ADDITIONAL_INFORMATION) VALUES(2, 'tylko dla niepalących');
INSERT INTO PROPERTY_ADDITIONAL_INFORMATION(PROPERTY_ID, ADDITIONAL_INFORMATION) VALUES(3, 'balkon');
INSERT INTO PROPERTY_ADDITIONAL_INFORMATION(PROPERTY_ID, ADDITIONAL_INFORMATION) VALUES(3, 'tylko dla niepalących');
INSERT INTO PROPERTY_ADDITIONAL_INFORMATION(PROPERTY_ID, ADDITIONAL_INFORMATION) VALUES(4, 'winda');
INSERT INTO PROPERTY_ADDITIONAL_INFORMATION(PROPERTY_ID, ADDITIONAL_INFORMATION) VALUES(4, 'dwupoziomowe');
INSERT INTO PROPERTY_ADDITIONAL_INFORMATION(PROPERTY_ID, ADDITIONAL_INFORMATION) VALUES(4, 'oddzielna kuchnia');
INSERT INTO PROPERTY_ADDITIONAL_INFORMATION(PROPERTY_ID, ADDITIONAL_INFORMATION) VALUES(4, 'klimatyzacja');
INSERT INTO PROPERTY_ADDITIONAL_INFORMATION(PROPERTY_ID, ADDITIONAL_INFORMATION) VALUES(4, 'tylko dla niepalących');
INSERT INTO PROPERTY_ADDITIONAL_INFORMATION(PROPERTY_ID, ADDITIONAL_INFORMATION) VALUES(5, 'balkon');
INSERT INTO PROPERTY_ADDITIONAL_INFORMATION(PROPERTY_ID, ADDITIONAL_INFORMATION) VALUES(5, 'pom. użytkowe');
INSERT INTO PROPERTY_ADDITIONAL_INFORMATION(PROPERTY_ID, ADDITIONAL_INFORMATION) VALUES(5, 'tylko dla niepalących');
INSERT INTO PROPERTY_ADDITIONAL_INFORMATION(PROPERTY_ID, ADDITIONAL_INFORMATION) VALUES(6, 'balkon');
INSERT INTO PROPERTY_ADDITIONAL_INFORMATION(PROPERTY_ID, ADDITIONAL_INFORMATION) VALUES(6, 'pom. użytkowe');
INSERT INTO PROPERTY_ADDITIONAL_INFORMATION(PROPERTY_ID, ADDITIONAL_INFORMATION) VALUES(6, 'garaż/miejsce parkingowe');
INSERT INTO PROPERTY_ADDITIONAL_INFORMATION(PROPERTY_ID, ADDITIONAL_INFORMATION) VALUES(6, 'piwnica');
INSERT INTO PROPERTY_ADDITIONAL_INFORMATION(PROPERTY_ID, ADDITIONAL_INFORMATION) VALUES(6, 'taras');
INSERT INTO PROPERTY_ADDITIONAL_INFORMATION(PROPERTY_ID, ADDITIONAL_INFORMATION) VALUES(6, 'winda');
INSERT INTO PROPERTY_ADDITIONAL_INFORMATION(PROPERTY_ID, ADDITIONAL_INFORMATION) VALUES(6, 'dwupoziomowe');
INSERT INTO PROPERTY_ADDITIONAL_INFORMATION(PROPERTY_ID, ADDITIONAL_INFORMATION) VALUES(6, 'oddzielna kuchnia');
INSERT INTO PROPERTY_ADDITIONAL_INFORMATION(PROPERTY_ID, ADDITIONAL_INFORMATION) VALUES(6, 'klimatyzacja');
INSERT INTO PROPERTY_ADDITIONAL_INFORMATION(PROPERTY_ID, ADDITIONAL_INFORMATION) VALUES(6, 'tylko dla niepalących');

-- PROPERTY IMAGES URLS
INSERT INTO PROPERTY_IMAGES_URLS(PROPERTY_ID, IMAGES_URLS) VALUES(1, 'https://picsum.photos/500/300/?random');
INSERT INTO PROPERTY_IMAGES_URLS(PROPERTY_ID, IMAGES_URLS) VALUES(1, 'https://picsum.photos/500/300/?random');
INSERT INTO PROPERTY_IMAGES_URLS(PROPERTY_ID, IMAGES_URLS) VALUES(1, 'https://picsum.photos/500/300/?random');
INSERT INTO PROPERTY_IMAGES_URLS(PROPERTY_ID, IMAGES_URLS) VALUES(1, 'https://picsum.photos/500/300/?random');
INSERT INTO PROPERTY_IMAGES_URLS(PROPERTY_ID, IMAGES_URLS) VALUES(2, 'https://picsum.photos/500/300/?random');
INSERT INTO PROPERTY_IMAGES_URLS(PROPERTY_ID, IMAGES_URLS) VALUES(2, 'https://picsum.photos/500/300/?random');
INSERT INTO PROPERTY_IMAGES_URLS(PROPERTY_ID, IMAGES_URLS) VALUES(2, 'https://picsum.photos/500/300/?random');
INSERT INTO PROPERTY_IMAGES_URLS(PROPERTY_ID, IMAGES_URLS) VALUES(2, 'https://picsum.photos/500/300/?random');
INSERT INTO PROPERTY_IMAGES_URLS(PROPERTY_ID, IMAGES_URLS) VALUES(3, 'https://picsum.photos/500/300/?random');
INSERT INTO PROPERTY_IMAGES_URLS(PROPERTY_ID, IMAGES_URLS) VALUES(3, 'https://picsum.photos/500/300/?random');
INSERT INTO PROPERTY_IMAGES_URLS(PROPERTY_ID, IMAGES_URLS) VALUES(3, 'https://picsum.photos/500/300/?random');
INSERT INTO PROPERTY_IMAGES_URLS(PROPERTY_ID, IMAGES_URLS) VALUES(3, 'https://picsum.photos/500/300/?random');
INSERT INTO PROPERTY_IMAGES_URLS(PROPERTY_ID, IMAGES_URLS) VALUES(4, 'https://picsum.photos/500/300/?random');
INSERT INTO PROPERTY_IMAGES_URLS(PROPERTY_ID, IMAGES_URLS) VALUES(4, 'https://picsum.photos/500/300/?random');
INSERT INTO PROPERTY_IMAGES_URLS(PROPERTY_ID, IMAGES_URLS) VALUES(4, 'https://picsum.photos/500/300/?random');
INSERT INTO PROPERTY_IMAGES_URLS(PROPERTY_ID, IMAGES_URLS) VALUES(4, 'https://picsum.photos/500/300/?random');
INSERT INTO PROPERTY_IMAGES_URLS(PROPERTY_ID, IMAGES_URLS) VALUES(5, 'https://picsum.photos/500/300/?random');
INSERT INTO PROPERTY_IMAGES_URLS(PROPERTY_ID, IMAGES_URLS) VALUES(5, 'https://picsum.photos/500/300/?random');
INSERT INTO PROPERTY_IMAGES_URLS(PROPERTY_ID, IMAGES_URLS) VALUES(5, 'https://picsum.photos/500/300/?random');
INSERT INTO PROPERTY_IMAGES_URLS(PROPERTY_ID, IMAGES_URLS) VALUES(5, 'https://picsum.photos/500/300/?random');
INSERT INTO PROPERTY_IMAGES_URLS(PROPERTY_ID, IMAGES_URLS) VALUES(6, 'https://picsum.photos/500/300/?random');
INSERT INTO PROPERTY_IMAGES_URLS(PROPERTY_ID, IMAGES_URLS) VALUES(6, 'https://picsum.photos/500/300/?random');
INSERT INTO PROPERTY_IMAGES_URLS(PROPERTY_ID, IMAGES_URLS) VALUES(6, 'https://picsum.photos/500/300/?random');
INSERT INTO PROPERTY_IMAGES_URLS(PROPERTY_ID, IMAGES_URLS) VALUES(6, 'https://picsum.photos/500/300/?random');

-- MEDIA
/*INSERT INTO MEDIA(ID, NAME, UNIT, PRICE_PER_UNIT, CURRENCY) VALUES(1, 'Energia elektryczna', 'kWh', '0,62', 'zł');
INSERT INTO MEDIA(ID, NAME, UNIT, PRICE_PER_UNIT, CURRENCY) VALUES(2, 'Ciepła woda z kanalizacją', 'm3', '28,36', 'zł');
INSERT INTO MEDIA(ID, NAME, UNIT, PRICE_PER_UNIT, CURRENCY) VALUES(3, 'Zimna woda z kanalizacją', 'm3', '14,36', 'zł');
INSERT INTO MEDIA(ID, NAME, UNIT, PRICE_PER_UNIT, CURRENCY) VALUES(4, 'Centralne ogrzewanie', 'GJ', '80,00', 'zł');
INSERT INTO MEDIA(ID, NAME, UNIT, PRICE_PER_UNIT, CURRENCY) VALUES(5, 'Gaz', 'ryczałt', 'n/d', '');*/

-- METERS
/*INSERT INTO METER(ID, CURRENT_METER_STATUS, MEDIA_ID, PROPERTY_ID) VALUES (1, '13713', 1, 1);
INSERT INTO METER(ID, CURRENT_METER_STATUS, MEDIA_ID, PROPERTY_ID) VALUES (2, '13', 2, 1);
INSERT INTO METER(ID, CURRENT_METER_STATUS, MEDIA_ID, PROPERTY_ID) VALUES (3, '13', 3, 1);
INSERT INTO METER(ID, CURRENT_METER_STATUS, MEDIA_ID, PROPERTY_ID) VALUES (4, '129,61', 4, 1);
INSERT INTO METER(ID, CURRENT_METER_STATUS, MEDIA_ID, PROPERTY_ID) VALUES (5, 'ryczałt do 5m3', 5, 1);
INSERT INTO METER(ID, CURRENT_METER_STATUS, MEDIA_ID, PROPERTY_ID) VALUES (6, '1457', 1, 2);
INSERT INTO METER(ID, CURRENT_METER_STATUS, MEDIA_ID, PROPERTY_ID) VALUES (7, '10', 2, 2);
INSERT INTO METER(ID, CURRENT_METER_STATUS, MEDIA_ID, PROPERTY_ID) VALUES (8, '10', 3, 2);
INSERT INTO METER(ID, CURRENT_METER_STATUS, MEDIA_ID, PROPERTY_ID) VALUES (9, '179,71', 4, 2);
INSERT INTO METER(ID, CURRENT_METER_STATUS, MEDIA_ID, PROPERTY_ID) VALUES (10, 'ryczałt do 5m3', 5, 2);
INSERT INTO METER(ID, CURRENT_METER_STATUS, MEDIA_ID, PROPERTY_ID) VALUES (11, '4567', 1, 3);
INSERT INTO METER(ID, CURRENT_METER_STATUS, MEDIA_ID, PROPERTY_ID) VALUES (12, '19', 2, 3);
INSERT INTO METER(ID, CURRENT_METER_STATUS, MEDIA_ID, PROPERTY_ID) VALUES (13, '19', 3, 3);
INSERT INTO METER(ID, CURRENT_METER_STATUS, MEDIA_ID, PROPERTY_ID) VALUES (14, '153,12', 4, 3);
INSERT INTO METER(ID, CURRENT_METER_STATUS, MEDIA_ID, PROPERTY_ID) VALUES (15, 'ryczałt do 5m3', 5, 3);
INSERT INTO METER(ID, CURRENT_METER_STATUS, MEDIA_ID, PROPERTY_ID) VALUES (16, '5698', 1, 4);
INSERT INTO METER(ID, CURRENT_METER_STATUS, MEDIA_ID, PROPERTY_ID) VALUES (17, '24', 2, 4);
INSERT INTO METER(ID, CURRENT_METER_STATUS, MEDIA_ID, PROPERTY_ID) VALUES (18, '24', 3, 4);
INSERT INTO METER(ID, CURRENT_METER_STATUS, MEDIA_ID, PROPERTY_ID) VALUES (19, '658,61', 4, 4);
INSERT INTO METER(ID, CURRENT_METER_STATUS, MEDIA_ID, PROPERTY_ID) VALUES (20, 'ryczałt do 5m3', 5, 4);
INSERT INTO METER(ID, CURRENT_METER_STATUS, MEDIA_ID, PROPERTY_ID) VALUES (21, '13713', 1, 5);
INSERT INTO METER(ID, CURRENT_METER_STATUS, MEDIA_ID, PROPERTY_ID) VALUES (22, '65', 2, 5);
INSERT INTO METER(ID, CURRENT_METER_STATUS, MEDIA_ID, PROPERTY_ID) VALUES (23, '65', 3, 5);
INSERT INTO METER(ID, CURRENT_METER_STATUS, MEDIA_ID, PROPERTY_ID) VALUES (24, '632,65', 4, 5);
INSERT INTO METER(ID, CURRENT_METER_STATUS, MEDIA_ID, PROPERTY_ID) VALUES (25, 'ryczałt do 5m3', 5, 5);
INSERT INTO METER(ID, CURRENT_METER_STATUS, MEDIA_ID, PROPERTY_ID) VALUES (26, '4578', 1, 6);
INSERT INTO METER(ID, CURRENT_METER_STATUS, MEDIA_ID, PROPERTY_ID) VALUES (27, '52', 2, 6);
INSERT INTO METER(ID, CURRENT_METER_STATUS, MEDIA_ID, PROPERTY_ID) VALUES (28, '52', 3, 6);
INSERT INTO METER(ID, CURRENT_METER_STATUS, MEDIA_ID, PROPERTY_ID) VALUES (29, '471,58', 4, 6);
INSERT INTO METER(ID, CURRENT_METER_STATUS, MEDIA_ID, PROPERTY_ID) VALUES (30, 'ryczałt do 5m3', 5, 6);

INSERT INTO METER(ID, CURRENT_METER_STATUS, MEDIA_ID, PROPERTY_ID) VALUES (31, '13913', 1, 1);
INSERT INTO METER(ID, CURRENT_METER_STATUS, MEDIA_ID, PROPERTY_ID) VALUES (32, '23', 2, 1);
INSERT INTO METER(ID, CURRENT_METER_STATUS, MEDIA_ID, PROPERTY_ID) VALUES (33, '23', 3, 1);
INSERT INTO METER(ID, CURRENT_METER_STATUS, MEDIA_ID, PROPERTY_ID) VALUES (34, '169,61', 4, 1);
INSERT INTO METER(ID, CURRENT_METER_STATUS, MEDIA_ID, PROPERTY_ID) VALUES (35, 'ryczałt do 5m3', 5, 1);
INSERT INTO METER(ID, CURRENT_METER_STATUS, MEDIA_ID, PROPERTY_ID) VALUES (36, '1857', 1, 2);
INSERT INTO METER(ID, CURRENT_METER_STATUS, MEDIA_ID, PROPERTY_ID) VALUES (37, '17', 2, 2);
INSERT INTO METER(ID, CURRENT_METER_STATUS, MEDIA_ID, PROPERTY_ID) VALUES (38, '17', 3, 2);
INSERT INTO METER(ID, CURRENT_METER_STATUS, MEDIA_ID, PROPERTY_ID) VALUES (39, '279,71', 4, 2);
INSERT INTO METER(ID, CURRENT_METER_STATUS, MEDIA_ID, PROPERTY_ID) VALUES (40, 'ryczałt do 5m3', 5, 2);
INSERT INTO METER(ID, CURRENT_METER_STATUS, MEDIA_ID, PROPERTY_ID) VALUES (41, '4867', 1, 3);
INSERT INTO METER(ID, CURRENT_METER_STATUS, MEDIA_ID, PROPERTY_ID) VALUES (42, '29', 2, 3);
INSERT INTO METER(ID, CURRENT_METER_STATUS, MEDIA_ID, PROPERTY_ID) VALUES (43, '29', 3, 3);
INSERT INTO METER(ID, CURRENT_METER_STATUS, MEDIA_ID, PROPERTY_ID) VALUES (44, '193,12', 4, 3);
INSERT INTO METER(ID, CURRENT_METER_STATUS, MEDIA_ID, PROPERTY_ID) VALUES (45, 'ryczałt do 5m3', 5, 3);
INSERT INTO METER(ID, CURRENT_METER_STATUS, MEDIA_ID, PROPERTY_ID) VALUES (46, '6198', 1, 4);
INSERT INTO METER(ID, CURRENT_METER_STATUS, MEDIA_ID, PROPERTY_ID) VALUES (47, '31', 2, 4);
INSERT INTO METER(ID, CURRENT_METER_STATUS, MEDIA_ID, PROPERTY_ID) VALUES (48, '31', 3, 4);
INSERT INTO METER(ID, CURRENT_METER_STATUS, MEDIA_ID, PROPERTY_ID) VALUES (49, '728,61', 4, 4);
INSERT INTO METER(ID, CURRENT_METER_STATUS, MEDIA_ID, PROPERTY_ID) VALUES (50, 'ryczałt do 5m3', 5, 4);
INSERT INTO METER(ID, CURRENT_METER_STATUS, MEDIA_ID, PROPERTY_ID) VALUES (51, '14213', 1, 5);
INSERT INTO METER(ID, CURRENT_METER_STATUS, MEDIA_ID, PROPERTY_ID) VALUES (52, '72', 2, 5);
INSERT INTO METER(ID, CURRENT_METER_STATUS, MEDIA_ID, PROPERTY_ID) VALUES (53, '72', 3, 5);
INSERT INTO METER(ID, CURRENT_METER_STATUS, MEDIA_ID, PROPERTY_ID) VALUES (54, '752,65', 4, 5);
INSERT INTO METER(ID, CURRENT_METER_STATUS, MEDIA_ID, PROPERTY_ID) VALUES (55, 'ryczałt do 5m3', 5, 5);
INSERT INTO METER(ID, CURRENT_METER_STATUS, MEDIA_ID, PROPERTY_ID) VALUES (56, '4978', 1, 6);
INSERT INTO METER(ID, CURRENT_METER_STATUS, MEDIA_ID, PROPERTY_ID) VALUES (57, '57', 2, 6);
INSERT INTO METER(ID, CURRENT_METER_STATUS, MEDIA_ID, PROPERTY_ID) VALUES (58, '57', 3, 6);
INSERT INTO METER(ID, CURRENT_METER_STATUS, MEDIA_ID, PROPERTY_ID) VALUES (59, '496,53', 4, 6);
INSERT INTO METER(ID, CURRENT_METER_STATUS, MEDIA_ID, PROPERTY_ID) VALUES (60, 'ryczałt do 5m3', 5, 6);*/